{"cameraMode":{"drawMode":0,"name":"Shaded","section":"Shading Mode"},"sceneLighting":true,"audioPlay":false,"sceneViewState":{"m_AlwaysRefresh":false,"showFog":true,"showSkybox":true,"showFlares":true,"showImageEffects":true,"showParticleSystems":true,"showVisualEffectGraphs":true,"m_FxEnabled":true},"in2DMode":false,"pivot":{"x":22.687610626220704,"y":17.65688705444336,"z":-42.61467742919922},"rotation":{"x":-0.25662437081336977,"y":0.22841531038284303,"z":-0.06255456060171128,"w":-0.9370501637458801},"size":49.064659118652347,"orthographic":false}